{
	"id": "5f1281f9-efa5-44d9-921e-2df4c70706a3",
	"name": "Desarrollo",
	"values": [
		{
			"key": "token",
			"value": "",
			"type": "default",
			"enabled": true
		},
		{
			"key": "usuario",
			"value": "admin",
			"type": "default",
			"enabled": true
		},
		{
			"key": "contraseña",
			"value": "admin",
			"type": "default",
			"enabled": true
		},
		{
			"key": "idPersona",
			"value": "1",
			"type": "default",
			"enabled": true
		},
		{
			"key": "idEjercicio",
			"value": "1",
			"type": "default",
			"enabled": true
		},
		{
			"key": "idUsuarioEntrenador",
			"value": "2",
			"type": "default",
			"enabled": true
		},
		{
			"key": "usuario_admin",
			"value": "admin",
			"type": "default",
			"enabled": true
		},
		{
			"key": "contrasena_admin",
			"value": "admin",
			"type": "default",
			"enabled": true
		},
		{
			"key": "username",
			"value": "vendedor",
			"type": "default",
			"enabled": true
		},
		{
			"key": "password",
			"value": "vendedor",
			"type": "default",
			"enabled": true
		},
		{
			"key": "idVendedor",
			"value": "8",
			"type": "default",
			"enabled": true
		},
		{
			"key": "idRolVendedor",
			"value": "1",
			"type": "default",
			"enabled": true
		},
		{
			"key": "idVendedorErrado",
			"value": "5005412",
			"type": "default",
			"enabled": true
		},
		{
			"key": "idRolErrado",
			"value": "999999",
			"type": "default",
			"enabled": true
		},
		{
			"key": "correo_admin",
			"value": "nathanbelt23@gmail.com",
			"type": "default",
			"enabled": true
		}
	],
	"_postman_variable_scope": "environment",
	"_postman_exported_at": "2023-04-15T07:20:44.990Z",
	"_postman_exported_using": "Postman/10.12.10"
}